<?xml version="1.0" encoding="UTF-8"?>
<project-private xmlns="http://www.netbeans.org/ns/project-private/1">
    <editor-bookmarks xmlns="http://www.netbeans.org/ns/editor-bookmarks/2" lastBookmarkId="0"/>
    <open-files xmlns="http://www.netbeans.org/ns/projectui-open-files/2">
        <group name="KoleksiGroup">
            <file>file:/C:/Users/LENOVO/Documents/NetBeansProjects/SDL_Project/src/RumahSakit_Main.java</file>
            <file>file:/C:/Users/LENOVO/Documents/NetBeansProjects/SDL_Project/src/GuiPasien.java</file>
            <file>file:/C:/Users/LENOVO/Documents/NetBeansProjects/SDL_Project/src/GUICreateTabel.java</file>
        </group>
        <group>
            <file>file:/C:/Users/ROG/Documents/PROJECT%20SDL/SDL_Project_QUEUE/src/ListDokter.java</file>
            <file>file:/C:/Users/ROG/Documents/PROJECT%20SDL/SDL_Project_QUEUE/src/GUICreateTabel.java</file>
            <file>file:/C:/Users/ROG/Documents/PROJECT%20SDL/SDL_Project_QUEUE/src/ConnectDB.java</file>
            <file>file:/C:/Users/ROG/Documents/PROJECT%20SDL/SDL_Project_QUEUE/src/isiHospital.java</file>
            <file>file:/C:/Users/ROG/Documents/PROJECT%20SDL/SDL_Project_QUEUE/src/Dokter.java</file>
            <file>file:/C:/Users/ROG/Documents/PROJECT%20SDL/SDL_Project_QUEUE/src/DataBase_Hospital.java</file>
            <file>file:/C:/Users/ROG/Documents/PROJECT%20SDL/SDL_Project_QUEUE/src/Jadwal.java</file>
            <file>file:/C:/Users/ROG/Documents/PROJECT%20SDL/SDL_Project_QUEUE/src/RumahSakit_Main.java</file>
        </group>
    </open-files>
</project-private>
